parcel_id,distance_km,weight_kg,zone_type,weather_condition,day_of_week,delivery_time_minutes
T0000,38.08,4.11,rural,rainy,Wed,202.17
T0001,95.12,11.07,rural,clear,Thu,397.98
T0002,73.47,17.52,rural,clear,Fri,309.85
T0003,60.27,14.78,suburban,storm,Wed,340.57
T0004,16.45,16.23,suburban,storm,Sun,106.57
T0005,16.44,13.35,suburban,clear,Thu,70.24
T0006,6.75,14.0,rural,clear,Mon,40.11
T0007,86.75,17.06,suburban,clear,Sun,266.22
T0008,60.51,5.37,urban,rainy,Thu,151.97
T0009,71.1,10.04,urban,rainy,Sat,188.26
T0010,3.04,4.81,suburban,rainy,Fri,15.56
T0011,97.02,19.76,urban,clear,Tue,208.67
T0012,83.41,18.91,urban,storm,Mon,321.56
T0013,22.02,1.27,rural,clear,Sun,89.32
T0014,19.0,14.26,suburban,rainy,Sun,85.73
T0015,19.16,18.54,suburban,rainy,Wed,94.5
T0016,31.12,4.02,rural,clear,Fri,119.76
T0017,52.95,11.57,urban,clear,Tue,121.59
T0018,43.76,18.35,urban,rainy,Thu,128.97
T0019,29.83,1.16,suburban,rainy,Tue,121.8
T0020,61.57,14.1,urban,rainy,Fri,163.88
T0021,14.81,6.3,rural,clear,Fri,71.95
T0022,29.92,18.53,rural,rainy,Sat,177.37
T0023,37.27,19.44,suburban,rainy,Sat,159.54
T0024,46.15,18.91,rural,storm,Tue,366.12
T0025,78.73,9.75,rural,clear,Thu,324.36
T0026,20.77,17.31,suburban,storm,Tue,130.13
T0027,51.91,16.97,rural,storm,Fri,399.82
T0028,59.65,6.72,rural,rainy,Fri,314.05
T0029,5.6,16.66,rural,clear,Wed,34.24
T0030,61.15,1.22,urban,rainy,Sat,157.84
T0031,17.88,12.13,suburban,clear,Wed,55.79
T0032,7.44,4.99,suburban,storm,Mon,43.46
T0033,94.94,2.85,suburban,clear,Fri,292.18
T0034,96.6,2.0,urban,rainy,Wed,256.58
T0035,81.03,14.08,urban,rainy,Tue,214.58
T0036,31.16,7.13,suburban,rainy,Sat,133.27
T0037,10.67,14.63,urban,clear,Sat,18.82
T0038,68.74,1.77,suburban,storm,Thu,385.73
T0039,44.58,6.65,urban,storm,Tue,172.97
T0040,13.08,11.02,rural,clear,Thu,60.54
T0041,50.02,15.92,rural,rainy,Wed,282.71
T0042,4.4,6.72,suburban,storm,Sun,25.83
T0043,91.02,12.7,urban,rainy,Mon,245.21
T0044,26.62,17.78,urban,clear,Tue,61.21
T0045,66.59,12.51,rural,rainy,Tue,358.36
T0046,31.86,5.04,rural,storm,Tue,236.12
T0047,52.49,0.98,urban,storm,Thu,187.01
T0048,55.12,17.47,urban,rainy,Wed,149.01
T0049,19.3,0.91,urban,clear,Tue,34.76
T0050,96.99,17.56,urban,rainy,Sun,256.38
T0051,77.74,10.81,urban,clear,Tue,165.17
T0052,94.01,18.81,urban,rainy,Sat,251.99
T0053,89.59,16.08,suburban,storm,Mon,499.38
T0054,60.19,19.96,urban,clear,Sat,134.57
T0055,92.27,7.34,rural,clear,Sat,378.27
T0056,9.76,15.46,suburban,clear,Mon,44.9
T0057,20.4,8.34,urban,storm,Sun,85.53
T0058,5.48,9.86,rural,rainy,Wed,51.0
T0059,33.21,12.74,suburban,storm,Sat,195.75
T0060,39.48,17.54,rural,clear,Wed,168.17
T0061,27.86,19.69,urban,rainy,Sat,86.59
T0062,83.05,15.48,urban,storm,Fri,309.57
T0063,36.32,8.65,urban,clear,Mon,72.18
T0064,28.81,8.72,urban,clear,Sat,62.48
T0065,54.73,14.88,suburban,storm,Fri,319.96
T0066,14.95,5.16,suburban,storm,Thu,83.52
T0067,80.42,2.65,rural,storm,Fri,590.17
T0068,8.38,7.42,urban,clear,Tue,15.52
T0069,98.7,6.1,rural,storm,Sat,720.4
T0070,77.45,6.28,suburban,clear,Fri,238.99
T0071,20.67,5.06,urban,storm,Wed,77.03
T0072,1.55,1.32,urban,clear,Thu,-5.12
T0073,81.73,0.85,suburban,clear,Sun,250.46
T0074,70.98,19.76,suburban,rainy,Sat,292.97
T0075,73.17,8.84,suburban,storm,Tue,410.78
T0076,77.36,7.99,suburban,storm,Sun,422.21
T0077,8.33,13.75,suburban,clear,Fri,29.84
T0078,36.49,4.76,urban,clear,Sun,79.67
T0079,12.47,19.02,suburban,clear,Sun,53.38
T0080,86.45,15.83,urban,rainy,Thu,232.87
T0081,62.71,2.24,urban,rainy,Sun,166.28
T0082,33.76,8.64,suburban,clear,Sun,102.99
T0083,7.29,17.64,suburban,storm,Sat,63.73
T0084,31.79,18.92,urban,storm,Thu,132.11
T0085,33.19,9.61,suburban,rainy,Tue,136.94
T0086,73.23,12.46,suburban,rainy,Fri,293.57
T0087,64.12,3.76,suburban,clear,Thu,195.53
T0088,88.83,19.83,rural,storm,Thu,675.0
T0089,47.75,5.02,urban,clear,Mon,95.68
T0090,12.84,18.88,rural,rainy,Thu,86.14
T0091,71.61,13.17,suburban,storm,Mon,404.54
T0092,76.32,12.35,rural,storm,Fri,569.42
T0093,56.57,10.5,suburban,rainy,Sun,225.69
T0094,77.33,5.0,rural,clear,Sat,314.54
T0095,49.89,3.94,suburban,clear,Sat,160.67
T0096,52.75,4.8,rural,storm,Fri,386.61
T0097,43.33,4.14,rural,rainy,Fri,238.19
T0098,3.52,15.7,rural,storm,Wed,64.18
T0099,11.68,7.33,urban,rainy,Sun,30.37
T0100,4.11,1.63,rural,clear,Fri,18.12
T0101,64.0,19.4,urban,rainy,Thu,189.53
T0102,32.12,17.73,suburban,clear,Sat,109.05
T0103,51.35,18.59,rural,rainy,Tue,291.37
T0104,90.85,19.9,suburban,storm,Sat,509.1
T0105,25.68,3.89,suburban,clear,Mon,77.3
T0106,41.63,8.23,rural,storm,Sat,317.33
T0107,75.8,15.29,urban,storm,Wed,298.79
T0108,23.65,14.07,rural,clear,Sun,107.69
T0109,8.62,3.5,suburban,clear,Fri,20.17
T0110,29.69,16.41,suburban,storm,Sun,175.45
T0111,16.96,4.88,rural,storm,Fri,130.72
T0112,93.04,4.86,urban,storm,Sat,345.2
T0113,81.0,10.97,urban,storm,Tue,304.66
T0114,63.71,12.06,suburban,clear,Tue,202.48
T0115,87.27,11.81,suburban,clear,Wed,277.21
T0116,80.56,2.28,urban,storm,Mon,288.47
T0117,19.47,17.61,rural,rainy,Sat,124.23
T0118,89.36,5.68,suburban,rainy,Fri,351.44
T0119,54.39,3.03,urban,clear,Sat,108.94
T0120,80.94,17.83,suburban,storm,Wed,456.12
T0121,89.71,19.14,rural,storm,Thu,678.64
T0122,32.48,17.31,urban,clear,Thu,73.48
T0123,11.9,16.29,suburban,rainy,Wed,60.44
T0124,23.57,13.28,rural,rainy,Fri,139.02
T0125,43.28,11.24,suburban,rainy,Sun,181.78
T0126,81.98,2.2,rural,clear,Wed,336.31
T0127,86.21,8.46,rural,rainy,Fri,465.85
T0128,1.69,7.77,urban,clear,Tue,11.07
T0129,51.56,5.57,rural,clear,Wed,205.51
T0130,42.32,14.61,suburban,storm,Fri,246.45
T0131,22.99,10.17,rural,rainy,Wed,131.4
T0132,12.87,2.08,rural,clear,Wed,50.27
T0133,34.42,4.79,urban,rainy,Sun,94.32
T0134,94.35,13.82,rural,rainy,Sun,500.61
T0135,33.0,1.98,rural,storm,Fri,249.63
T0136,52.36,17.1,suburban,rainy,Fri,226.85
T0137,70.6,10.16,urban,storm,Mon,265.7
T0138,37.0,9.87,urban,clear,Wed,78.62
T0139,97.21,12.05,urban,rainy,Thu,266.72
T0140,96.28,16.58,rural,clear,Wed,405.15
T0141,25.93,7.28,urban,rainy,Wed,77.68
T0142,50.23,13.72,rural,clear,Fri,214.34
T0143,30.79,11.53,rural,rainy,Wed,184.04
T0144,29.2,5.71,suburban,rainy,Sat,125.28
T0145,4.65,17.63,suburban,rainy,Wed,37.87
T0146,61.35,16.05,suburban,rainy,Sat,261.19
T0147,50.77,13.34,suburban,rainy,Sun,208.91
T0148,6.1,17.09,suburban,rainy,Thu,34.62
T0149,28.59,17.41,rural,rainy,Fri,172.91
T0150,90.92,14.31,rural,rainy,Wed,491.1
T0151,24.72,16.82,urban,rainy,Sat,74.22
T0152,15.34,14.1,rural,clear,Sat,81.54
T0153,49.46,13.76,rural,storm,Sun,381.72
T0154,98.58,12.56,suburban,rainy,Sat,398.03
T0155,24.96,15.18,rural,storm,Tue,205.4
T0156,67.54,3.59,suburban,rainy,Mon,271.31
T0157,76.4,17.68,urban,rainy,Thu,213.64
T0158,24.53,17.5,urban,clear,Sun,62.18
T0159,73.09,1.07,rural,clear,Sun,290.94
T0160,37.41,16.6,urban,storm,Wed,156.14
T0161,63.6,3.01,rural,clear,Tue,266.6
T0162,63.72,7.03,urban,clear,Wed,135.17
T0163,54.04,15.0,suburban,storm,Wed,308.02
T0164,9.94,3.63,suburban,clear,Fri,28.53
T0165,83.69,16.45,suburban,rainy,Fri,340.55
T0166,32.76,16.73,suburban,storm,Fri,196.67
T0167,19.47,10.4,rural,storm,Tue,158.55
T0168,5.04,0.62,urban,rainy,Wed,16.67
T0169,59.5,6.1,rural,clear,Mon,245.55
T0170,68.08,12.53,suburban,storm,Thu,385.56
T0171,2.64,19.63,rural,storm,Fri,53.14
T0172,51.7,12.82,urban,rainy,Fri,142.38
T0173,23.42,5.57,rural,rainy,Sun,133.01
T0174,64.87,12.86,urban,clear,Wed,126.11
T0175,18.26,11.03,rural,storm,Wed,151.27
T0176,69.4,15.71,urban,clear,Tue,148.09
T0177,39.29,2.59,urban,clear,Tue,83.79
T0178,93.74,15.34,suburban,rainy,Fri,375.49
T0179,14.61,11.05,urban,storm,Wed,57.23
T0180,34.77,19.28,suburban,storm,Mon,216.71
T0181,12.23,7.17,suburban,storm,Thu,66.2
T0182,92.54,12.84,suburban,rainy,Wed,380.09
T0183,87.86,18.67,rural,rainy,Sun,482.28
T0184,26.54,2.5,rural,rainy,Wed,149.05
T0185,66.34,18.78,rural,rainy,Sat,363.95
T0186,81.9,13.91,rural,rainy,Tue,441.78
T0187,55.96,1.82,urban,storm,Sun,191.05
T0188,53.44,6.37,urban,clear,Thu,106.09
T0189,24.94,14.31,rural,storm,Fri,204.41
T0190,10.22,1.81,urban,clear,Sun,11.53
T0191,89.82,11.85,urban,rainy,Wed,239.26
T0192,90.14,7.24,suburban,clear,Fri,265.91
T0193,63.68,12.61,suburban,storm,Wed,359.61
T0194,34.56,1.39,suburban,storm,Fri,194.24
T0195,35.57,17.49,suburban,clear,Thu,119.65
T0196,72.87,19.48,urban,rainy,Tue,210.42
T0197,89.81,19.39,rural,rainy,Thu,496.15
T0198,88.82,15.12,urban,storm,Sat,340.1
T0199,78.21,3.04,urban,clear,Mon,154.12
T0200,64.56,15.29,urban,rainy,Tue,173.85
T0201,9.33,0.98,suburban,rainy,Thu,39.07
T0202,17.0,0.93,suburban,storm,Sat,85.17
T0203,89.96,6.81,suburban,rainy,Mon,359.84
T0204,61.04,10.03,rural,clear,Sat,252.57
T0205,1.91,15.52,urban,storm,Wed,27.49
T0206,11.05,13.82,rural,storm,Wed,107.83
T0207,66.69,9.2,suburban,clear,Fri,212.45
T0208,1.5,5.84,rural,storm,Tue,17.54
T0209,16.92,19.94,urban,rainy,Wed,62.19
T0210,55.32,8.81,urban,rainy,Sun,156.78
T0211,69.5,9.3,suburban,clear,Sat,215.28
T0212,65.54,3.69,suburban,rainy,Tue,255.51
T0213,23.2,16.0,rural,clear,Sun,105.19
T0214,71.51,14.03,suburban,clear,Wed,231.25
T0215,24.49,4.81,suburban,rainy,Fri,113.62
T0216,33.21,2.11,urban,clear,Thu,62.57
T0217,74.9,13.77,suburban,rainy,Fri,300.24
T0218,65.31,13.26,suburban,storm,Sun,375.18
T0219,85.07,5.83,urban,storm,Mon,307.73
T0220,66.1,19.04,urban,clear,Wed,146.81
T0221,57.26,3.45,rural,rainy,Sun,304.56
T0222,10.27,8.93,suburban,rainy,Mon,48.64
T0223,37.4,18.9,urban,storm,Mon,153.86
T0224,27.26,8.68,rural,storm,Sat,213.8
T0225,25.15,12.95,rural,rainy,Tue,146.72
T0226,97.33,8.25,suburban,clear,Sat,289.4
T0227,39.92,5.85,suburban,storm,Wed,224.36
T0228,89.31,19.69,rural,clear,Mon,384.8
T0229,63.48,8.48,urban,clear,Sun,123.16
T0230,79.69,17.93,rural,storm,Thu,601.21
T0231,50.76,4.98,suburban,clear,Mon,158.15
T0232,58.11,4.66,urban,clear,Sun,118.74
T0233,49.76,1.11,urban,rainy,Thu,132.15
T0234,20.33,13.21,rural,clear,Sat,91.03
T0235,72.52,7.69,suburban,rainy,Sat,296.14
T0236,28.8,17.35,rural,storm,Tue,238.82
T0237,3.41,9.73,rural,storm,Sun,45.55
T0238,64.9,19.38,rural,rainy,Mon,364.28
T0239,18.53,4.12,urban,storm,Fri,71.29
T0240,94.11,17.44,urban,clear,Sat,200.07
T0241,95.44,15.64,suburban,clear,Sat,298.98
T0242,91.57,15.53,suburban,clear,Tue,280.41
T0243,37.65,16.97,rural,storm,Thu,307.06
T0244,2.53,15.34,rural,clear,Tue,29.55
T0245,92.9,12.71,rural,storm,Mon,681.22
T0246,43.39,3.06,suburban,clear,Sun,129.19
T0247,96.7,1.13,urban,rainy,Wed,257.37
T0248,96.4,18.46,urban,storm,Wed,354.52
T0249,85.45,12.52,rural,storm,Sun,642.49
T0250,30.15,16.03,rural,clear,Thu,135.92
T0251,39.12,9.89,rural,storm,Sat,306.17
T0252,85.26,2.79,rural,storm,Thu,618.89
T0253,32.38,2.94,suburban,rainy,Sat,125.54
T0254,17.78,13.87,urban,rainy,Sat,56.78
T0255,56.12,8.89,rural,clear,Wed,233.22
T0256,93.68,4.41,suburban,rainy,Thu,365.6
T0257,69.91,10.09,rural,clear,Tue,300.82
T0258,57.44,1.75,rural,clear,Sat,226.65
T0259,10.62,11.85,urban,clear,Fri,15.95
T0260,61.89,5.75,rural,storm,Fri,463.87
T0261,99.02,16.05,urban,rainy,Tue,264.97
T0262,14.87,6.55,urban,clear,Fri,31.53
T0263,52.31,9.38,urban,rainy,Mon,140.31
T0264,87.86,0.73,suburban,clear,Sat,261.28
T0265,74.34,1.91,suburban,rainy,Tue,287.96
T0266,70.0,8.15,urban,rainy,Thu,182.31
T0267,70.55,9.86,rural,clear,Sat,292.38
T0268,36.59,12.2,urban,storm,Tue,140.69
T0269,30.07,6.19,rural,rainy,Wed,168.06
T0270,81.13,14.05,urban,storm,Thu,307.13
T0271,81.2,17.27,rural,storm,Wed,611.09
T0272,86.84,15.71,suburban,clear,Sat,272.85
T0273,91.41,1.27,rural,clear,Thu,364.82
T0274,51.62,9.87,urban,clear,Fri,103.22
T0275,50.65,2.55,suburban,rainy,Tue,203.47
T0276,80.03,5.22,rural,clear,Sat,324.73
T0277,65.35,19.74,rural,clear,Mon,279.1
T0278,70.49,3.28,rural,rainy,Thu,366.53
T0279,79.78,10.23,rural,rainy,Thu,423.02
T0280,89.11,12.55,rural,clear,Sun,378.93
T0281,34.46,14.2,suburban,clear,Sat,115.7
T0282,38.18,11.41,suburban,clear,Sat,117.64
T0283,10.3,0.69,suburban,clear,Wed,32.86
T0284,58.25,6.87,suburban,storm,Sun,329.13
T0285,4.56,10.6,urban,storm,Fri,26.79
T0286,47.09,2.21,suburban,clear,Wed,149.8
T0287,54.72,7.34,rural,storm,Sun,399.48
T0288,29.37,1.15,rural,rainy,Wed,144.26
T0289,59.49,2.03,suburban,storm,Fri,325.29
T0290,4.02,8.24,rural,storm,Sun,45.16
T0291,4.7,3.09,suburban,clear,Sun,-0.28
T0292,82.44,11.57,rural,storm,Mon,611.28
T0293,36.66,13.94,urban,storm,Wed,139.48
T0294,13.58,16.11,urban,storm,Wed,56.43
T0295,52.7,4.4,suburban,storm,Thu,285.46
T0296,77.23,3.77,suburban,rainy,Fri,307.85
T0297,22.37,2.54,suburban,clear,Tue,63.93
T0298,62.67,12.91,rural,clear,Mon,258.67
T0299,9.45,14.28,suburban,rainy,Sun,42.68
T0300,6.12,1.12,urban,storm,Sun,29.38
T0301,53.6,18.76,rural,rainy,Sun,305.28
T0302,54.52,1.51,suburban,storm,Mon,283.98
T0303,64.11,11.06,rural,rainy,Sun,342.84
T0304,72.88,14.33,rural,clear,Sun,308.49
T0305,97.61,17.48,suburban,clear,Fri,312.35
T0306,52.11,14.42,rural,clear,Sat,227.06
T0307,32.97,16.13,urban,storm,Sat,131.43
T0308,79.72,7.12,urban,storm,Thu,283.74
T0309,27.81,16.39,rural,rainy,Thu,170.27
T0310,44.46,2.06,suburban,rainy,Sun,173.92
T0311,8.77,17.95,rural,clear,Fri,53.37
T0312,3.51,11.18,urban,storm,Sun,21.81
T0313,96.3,16.44,rural,rainy,Thu,515.35
T0314,83.76,9.32,rural,storm,Mon,621.67
T0315,69.9,13.05,urban,storm,Mon,264.52
T0316,41.49,10.76,rural,clear,Tue,174.59
T0317,18.16,14.77,rural,clear,Sat,89.77
T0318,16.49,2.09,suburban,storm,Fri,85.0
T0319,25.77,1.68,suburban,storm,Wed,140.08
T0320,55.37,5.32,urban,storm,Sat,204.25
T0321,71.74,3.61,urban,storm,Wed,252.84
T0322,66.36,17.5,urban,clear,Tue,141.18
T0323,28.71,4.77,suburban,rainy,Tue,120.29
T0324,95.53,19.53,urban,clear,Sun,199.31
T0325,74.05,7.07,urban,rainy,Thu,196.95
T0326,55.88,4.05,urban,storm,Tue,207.62
T0327,61.56,15.9,suburban,rainy,Tue,253.65
T0328,42.54,13.34,rural,clear,Wed,182.01
T0329,25.53,10.21,urban,clear,Thu,50.28
T0330,36.24,11.33,rural,storm,Tue,281.25
T0331,76.03,14.52,urban,clear,Sat,157.65
T0332,2.42,4.95,rural,storm,Tue,28.83
T0333,12.49,19.93,suburban,clear,Thu,55.23
T0334,5.55,19.51,suburban,clear,Sun,35.24
T0335,5.03,13.18,urban,storm,Fri,27.43
T0336,85.69,4.39,rural,rainy,Thu,440.41
T0337,70.66,13.76,suburban,clear,Wed,226.01
T0338,47.94,1.91,urban,rainy,Fri,128.04
T0339,10.69,1.1,urban,clear,Sat,18.75
T0340,49.67,5.52,suburban,clear,Mon,155.92
T0341,47.87,9.52,suburban,clear,Thu,143.51
T0342,18.15,17.43,urban,clear,Sun,50.17
T0343,43.95,14.68,rural,rainy,Wed,245.96
T0344,40.45,14.98,rural,rainy,Sat,225.67
T0345,61.97,8.8,rural,clear,Fri,253.57
T0346,63.87,7.25,urban,clear,Sat,130.21
T0347,5.49,7.74,suburban,rainy,Thu,28.9
T0348,38.09,19.76,urban,storm,Tue,155.15
T0349,62.96,1.28,suburban,storm,Sun,339.56
T0350,50.81,17.41,rural,rainy,Thu,287.85
T0351,85.79,11.78,rural,clear,Mon,354.98
T0352,66.21,9.05,suburban,clear,Thu,202.18
T0353,17.13,14.64,suburban,storm,Fri,108.28
T0354,7.99,9.99,urban,storm,Fri,40.8
T0355,64.6,17.53,rural,rainy,Thu,361.33
T0356,3.62,18.06,urban,storm,Fri,29.57
T0357,58.99,8.72,urban,rainy,Tue,163.66
T0358,94.08,5.9,urban,storm,Sat,334.19
T0359,57.97,12.05,rural,storm,Thu,436.25
T0360,39.43,18.29,urban,storm,Sun,152.63
T0361,64.69,4.61,urban,clear,Tue,142.97
T0362,46.37,12.65,urban,clear,Sat,102.63
T0363,55.02,12.82,urban,clear,Sun,116.05
T0364,94.21,14.8,urban,storm,Sun,356.4
T0365,39.22,3.07,urban,rainy,Sun,109.55
T0366,96.16,14.46,rural,rainy,Sat,524.36
T0367,90.63,18.23,urban,rainy,Tue,252.1
T0368,20.38,4.0,suburban,rainy,Sun,82.07
T0369,7.87,5.13,urban,clear,Sun,15.8
T0370,10.98,19.44,urban,clear,Wed,26.87
T0371,2.8,4.03,rural,storm,Thu,29.93
T0372,10.35,17.16,rural,storm,Sat,104.61
T0373,68.62,10.1,suburban,rainy,Sat,275.37
T0374,8.05,5.32,suburban,clear,Fri,25.79
T0375,32.58,17.48,rural,rainy,Sat,199.39
T0376,84.64,9.18,rural,storm,Tue,630.7
T0377,3.3,10.54,urban,storm,Sat,30.52
T0378,81.63,7.51,rural,rainy,Wed,436.88
T0379,28.9,12.06,suburban,storm,Thu,172.63
T0380,12.7,3.69,urban,rainy,Thu,35.29
T0381,69.98,8.13,suburban,clear,Sat,210.94
T0382,63.27,19.4,urban,rainy,Sun,170.8
T0383,87.87,5.53,rural,clear,Mon,359.55
T0384,73.77,13.31,suburban,clear,Mon,226.62
T0385,80.54,6.84,urban,storm,Sun,297.16
T0386,28.92,15.58,urban,storm,Sun,123.71
T0387,18.57,3.05,rural,storm,Sun,135.87
T0388,75.31,19.41,rural,rainy,Tue,426.9
T0389,80.88,9.35,rural,rainy,Mon,427.78
T0390,99.06,5.1,suburban,storm,Sun,546.76
T0391,41.85,1.93,urban,rainy,Tue,112.19
T0392,37.83,3.81,rural,storm,Fri,285.2
T0393,77.86,10.64,suburban,rainy,Tue,308.45
T0394,34.74,7.07,suburban,clear,Mon,121.06
T0395,93.14,16.66,suburban,clear,Sat,291.02
T0396,85.98,8.9,rural,storm,Fri,638.46
T0397,43.47,5.35,rural,rainy,Mon,240.22
T0398,75.34,12.53,urban,rainy,Tue,201.01
T0399,75.7,14.28,urban,clear,Wed,162.67
T0400,11.21,3.76,rural,clear,Thu,44.74
T0401,90.35,3.77,suburban,storm,Mon,499.96
T0402,51.02,1.22,suburban,clear,Sun,150.17
T0403,82.82,14.86,suburban,storm,Tue,467.48
T0404,32.68,13.44,urban,clear,Sun,73.61
T0405,89.66,9.76,suburban,clear,Sun,280.22
T0406,39.53,16.96,urban,rainy,Sun,123.64
T0407,2.07,16.21,urban,clear,Sun,9.99
T0408,90.63,11.91,suburban,clear,Sun,286.52
T0409,10.04,17.43,suburban,storm,Fri,87.6
T0410,32.61,4.51,rural,clear,Mon,135.78
T0411,95.06,2.68,rural,storm,Mon,686.51
T0412,95.11,5.76,suburban,clear,Thu,281.0
T0413,57.77,1.61,urban,clear,Tue,125.76
T0414,63.55,10.86,urban,storm,Wed,237.33
T0415,45.4,18.76,urban,rainy,Fri,125.23
T0416,30.03,1.27,urban,storm,Tue,102.46
T0417,33.54,2.88,urban,storm,Fri,118.32
T0418,67.58,9.32,rural,storm,Mon,507.95
T0419,75.49,18.71,suburban,rainy,Sun,317.94
T0420,79.37,6.67,rural,clear,Thu,327.41
T0421,79.17,10.39,urban,storm,Thu,295.02
T0422,10.03,1.31,urban,storm,Sat,31.06
T0423,49.95,3.39,urban,rainy,Wed,128.42
T0424,6.7,19.74,urban,storm,Thu,36.35
T0425,55.4,19.32,suburban,clear,Sun,183.55
T0426,44.71,0.6,urban,rainy,Mon,111.32
T0427,88.88,19.06,suburban,clear,Wed,277.36
T0428,35.74,12.96,urban,clear,Tue,77.04
T0429,12.59,17.42,suburban,rainy,Sun,57.74
T0430,15.16,9.37,rural,storm,Sun,126.25
T0431,76.39,10.55,urban,clear,Thu,157.52
T0432,62.2,10.03,suburban,clear,Wed,200.04
T0433,11.01,13.5,rural,clear,Mon,53.44
T0434,9.33,3.22,urban,clear,Sat,13.77
T0435,70.4,1.08,urban,rainy,Fri,181.87
T0436,8.2,6.5,urban,rainy,Fri,20.05
T0437,82.36,14.24,suburban,clear,Mon,257.96
T0438,70.92,4.44,suburban,storm,Mon,379.66
T0439,9.05,13.63,rural,clear,Fri,46.8
T0440,9.4,19.41,suburban,storm,Sat,72.32
T0441,98.68,2.33,suburban,clear,Wed,300.63
T0442,38.05,13.62,urban,storm,Fri,145.19
T0443,37.69,9.15,urban,clear,Mon,71.27
T0444,81.47,17.43,urban,storm,Thu,307.97
T0445,94.78,3.95,urban,clear,Tue,193.13
T0446,98.61,14.01,urban,clear,Sat,202.87
T0447,75.58,16.84,urban,storm,Sun,284.19
T0448,38.25,18.92,urban,rainy,Sat,108.39
T0449,9.27,13.82,rural,storm,Thu,92.18
T0450,77.94,10.19,rural,rainy,Thu,414.09
T0451,56.28,12.55,rural,clear,Sun,236.03
T0452,43.0,17.44,rural,storm,Mon,344.74
T0453,90.73,11.63,urban,storm,Fri,330.59
T0454,12.01,1.09,rural,storm,Wed,88.22
T0455,49.77,18.65,urban,rainy,Sat,132.58
T0456,2.12,13.95,rural,rainy,Sun,30.3
T0457,47.4,13.69,suburban,clear,Sat,147.57
T0458,6.57,4.71,rural,rainy,Thu,45.38
T0459,12.76,13.35,rural,rainy,Fri,76.32
T0460,12.64,8.18,urban,clear,Sat,31.58
T0461,65.27,13.2,rural,storm,Wed,499.81
T0462,74.86,2.58,suburban,storm,Thu,402.57
T0463,58.75,13.33,urban,clear,Wed,119.86
T0464,96.26,19.99,urban,storm,Fri,359.81
T0465,38.11,1.44,rural,rainy,Sat,197.61
T0466,29.29,19.55,urban,clear,Tue,70.94
T0467,86.99,8.43,urban,clear,Sat,175.36
T0468,23.14,17.48,urban,clear,Fri,49.42
T0469,96.36,15.76,urban,storm,Sat,350.99
T0470,2.2,11.56,urban,clear,Sun,18.19
T0471,97.02,14.9,urban,clear,Sat,209.89
T0472,5.27,17.63,suburban,clear,Mon,31.83
T0473,89.22,8.38,rural,storm,Sat,653.42
T0474,53.24,6.88,suburban,rainy,Sat,218.08
T0475,99.3,13.52,urban,clear,Wed,210.1
T0476,8.31,16.25,urban,rainy,Tue,30.9
T0477,55.83,15.36,rural,storm,Wed,429.83
T0478,96.96,16.06,suburban,storm,Wed,551.42
T0479,52.79,8.99,rural,storm,Thu,388.07
T0480,63.31,16.45,suburban,storm,Mon,369.07
T0481,69.88,2.84,urban,rainy,Wed,181.99
T0482,46.0,11.12,rural,clear,Sun,189.56
T0483,63.13,0.61,rural,storm,Fri,450.48
T0484,58.85,6.83,urban,storm,Sun,213.68
T0485,90.21,7.65,rural,rainy,Fri,472.99
T0486,5.5,8.23,suburban,rainy,Sat,38.33
T0487,28.82,14.06,suburban,storm,Thu,177.07
T0488,95.09,8.08,suburban,clear,Mon,296.65
T0489,89.14,9.25,suburban,clear,Sun,277.17
T0490,46.11,5.13,urban,storm,Mon,170.92
T0491,62.39,7.78,rural,rainy,Sun,334.92
T0492,28.46,4.93,suburban,storm,Sat,158.35
T0493,19.62,1.93,urban,storm,Fri,70.79
T0494,46.91,12.27,rural,rainy,Tue,252.84
T0495,35.98,13.53,rural,storm,Thu,288.82
T0496,58.78,12.58,urban,storm,Sun,213.86
T0497,8.7,9.54,urban,storm,Sun,34.61
T0498,97.47,7.91,suburban,rainy,Sat,397.91
T0499,98.63,17.34,rural,clear,Thu,412.54
T0500,70.12,10.62,rural,clear,Fri,291.99
T0501,54.07,9.84,urban,rainy,Fri,150.16
T0502,31.64,1.0,rural,clear,Sun,119.86
T0503,81.57,7.15,suburban,storm,Tue,443.16
T0504,68.79,7.91,rural,clear,Tue,280.85
T0505,17.1,8.28,urban,storm,Mon,64.5
T0506,91.18,11.81,urban,clear,Thu,187.89
T0507,82.43,10.91,suburban,rainy,Thu,334.54
T0508,95.03,12.35,suburban,clear,Fri,301.3
T0509,72.85,15.42,rural,clear,Mon,310.88
T0510,61.73,16.35,rural,clear,Sat,258.3
T0511,42.41,14.5,urban,rainy,Thu,117.82
T0512,93.34,19.13,suburban,clear,Mon,291.13
T0513,86.74,0.86,suburban,rainy,Mon,334.04
T0514,5.48,4.32,suburban,storm,Sun,29.2
T0515,3.61,0.65,rural,clear,Fri,23.41
T0516,38.27,13.13,suburban,rainy,Mon,162.11
T0517,81.24,18.01,urban,rainy,Tue,221.81
T0518,98.74,5.25,urban,clear,Tue,202.53
T0519,15.89,18.58,rural,storm,Wed,150.52
T0520,59.82,1.68,rural,rainy,Fri,318.84
T0521,38.71,18.72,suburban,clear,Sun,126.45
T0522,97.02,7.36,rural,storm,Sat,713.81
T0523,84.37,2.48,urban,rainy,Wed,216.42
T0524,83.99,9.97,suburban,rainy,Tue,336.33
T0525,47.4,5.51,urban,storm,Sun,175.88
T0526,42.07,6.06,suburban,storm,Wed,236.13
T0527,28.07,6.49,rural,clear,Fri,119.32
T0528,6.58,16.16,suburban,clear,Sun,35.87
T0529,86.61,11.01,suburban,rainy,Fri,345.53
T0530,81.48,6.57,urban,storm,Mon,300.15
T0531,99.97,12.4,urban,storm,Thu,367.26
T0532,99.67,14.46,suburban,storm,Mon,572.34
T0533,55.99,5.82,rural,rainy,Fri,294.15
T0534,77.13,8.56,rural,storm,Sun,567.24
T0535,94.53,2.88,urban,storm,Tue,347.31
T0536,85.12,4.03,rural,rainy,Sat,445.72
T0537,25.49,13.78,urban,clear,Tue,62.29
T0538,45.6,4.04,rural,clear,Sun,187.21
T0539,13.79,10.74,suburban,rainy,Mon,62.24
T0540,95.45,14.33,urban,storm,Sat,352.75
T0541,61.01,2.58,urban,rainy,Sun,156.36
T0542,23.64,11.56,suburban,clear,Fri,77.63
T0543,67.5,5.5,urban,clear,Tue,136.88
T0544,62.19,19.28,rural,rainy,Fri,344.29
T0545,36.46,9.93,rural,rainy,Sat,201.95
T0546,12.24,16.22,urban,clear,Sat,27.12
T0547,67.49,11.23,rural,rainy,Tue,369.33
T0548,52.51,1.35,urban,clear,Fri,110.43
T0549,77.46,12.85,suburban,rainy,Wed,311.1
T0550,52.5,19.05,urban,rainy,Fri,145.08
T0551,85.37,12.23,suburban,rainy,Sat,345.76
T0552,55.64,16.47,rural,clear,Fri,245.36
T0553,56.53,17.74,suburban,rainy,Sun,245.2
T0554,87.79,4.95,rural,clear,Mon,349.1
T0555,40.94,4.63,urban,clear,Wed,89.23
T0556,14.27,12.41,rural,rainy,Thu,90.03
T0557,3.85,8.52,urban,rainy,Sun,15.34
T0558,75.76,16.88,urban,clear,Mon,162.48
T0559,62.41,18.05,suburban,clear,Thu,198.36
T0560,70.7,7.39,suburban,storm,Tue,397.24
T0561,22.08,5.12,suburban,clear,Thu,77.2
T0562,14.5,15.72,suburban,storm,Sun,106.83
T0563,2.44,5.86,rural,storm,Fri,18.9
T0564,35.71,16.54,rural,storm,Sun,285.74
T0565,59.4,8.76,rural,rainy,Thu,310.59
T0566,39.83,13.52,urban,rainy,Sat,108.52
T0567,44.31,2.36,rural,clear,Mon,167.61
T0568,90.51,12.67,rural,storm,Mon,676.73
T0569,35.48,9.31,rural,rainy,Thu,197.7
T0570,51.88,11.94,suburban,rainy,Mon,211.81
T0571,78.58,3.78,rural,rainy,Sat,409.57
T0572,40.26,14.87,urban,rainy,Sun,115.91
T0573,62.59,17.32,suburban,rainy,Mon,255.93
T0574,86.37,4.73,urban,storm,Thu,309.79
T0575,95.0,2.37,rural,storm,Wed,682.25
T0576,15.56,0.96,suburban,storm,Wed,84.3
T0577,92.73,13.02,urban,storm,Tue,342.63
T0578,49.72,12.34,rural,clear,Mon,209.3
T0579,26.57,11.16,urban,storm,Sun,108.31
T0580,46.45,5.02,urban,rainy,Thu,128.85
T0581,98.02,8.12,urban,storm,Mon,367.43
T0582,49.77,12.09,rural,clear,Fri,211.47
T0583,33.55,10.19,rural,rainy,Sat,189.44
T0584,63.71,19.76,urban,storm,Mon,248.08
T0585,24.77,3.16,suburban,storm,Mon,129.65
T0586,8.51,14.06,suburban,storm,Wed,63.09
T0587,13.76,8.38,rural,rainy,Sat,80.62
T0588,13.68,8.85,rural,rainy,Thu,80.09
T0589,16.04,14.49,rural,clear,Mon,78.45
T0590,14.74,14.0,rural,rainy,Wed,93.75
T0591,64.45,19.83,rural,rainy,Tue,355.99
T0592,19.01,3.0,suburban,storm,Sat,105.95
T0593,35.22,2.53,rural,rainy,Wed,183.24
T0594,89.78,14.62,urban,storm,Wed,323.27
T0595,47.92,11.78,urban,storm,Sun,176.13
T0596,67.09,5.85,suburban,rainy,Wed,267.8
T0597,18.06,2.05,urban,clear,Sun,42.6
T0598,20.04,2.17,suburban,clear,Mon,49.61
T0599,5.05,17.94,suburban,rainy,Mon,32.83
T0600,17.72,4.24,urban,clear,Tue,39.72
T0601,28.58,6.81,rural,storm,Fri,222.42
T0602,18.52,4.92,urban,storm,Fri,69.0
T0603,9.78,7.42,urban,rainy,Fri,26.84
T0604,12.94,1.85,suburban,clear,Sun,46.31
T0605,46.62,10.62,urban,clear,Sat,102.53
T0606,21.43,1.82,suburban,storm,Sat,122.47
T0607,37.06,16.11,rural,rainy,Tue,211.31
T0608,50.84,5.06,rural,clear,Sat,213.99
T0609,69.35,11.03,rural,rainy,Fri,365.23
T0610,4.89,17.66,urban,clear,Fri,24.27
T0611,80.14,13.19,suburban,storm,Wed,450.23
T0612,63.16,10.89,rural,storm,Sat,475.0
T0613,9.09,6.82,suburban,rainy,Mon,37.37
T0614,87.48,6.99,suburban,storm,Mon,472.76
T0615,92.17,13.55,rural,clear,Wed,382.77
T0616,7.05,19.89,rural,storm,Wed,89.32
T0617,28.41,13.41,suburban,rainy,Wed,127.39
T0618,80.81,11.38,rural,rainy,Mon,437.98
T0619,75.08,14.75,suburban,rainy,Fri,309.03
T0620,19.27,9.57,suburban,clear,Wed,60.37
T0621,21.73,1.67,rural,clear,Tue,92.43
T0622,37.68,11.46,urban,clear,Sun,75.91
T0623,48.97,19.17,rural,clear,Wed,220.59
T0624,62.21,3.92,urban,clear,Sun,125.96
T0625,37.52,13.96,suburban,storm,Thu,221.2
T0626,46.79,4.42,suburban,clear,Wed,148.01
T0627,75.0,10.95,urban,clear,Mon,160.48
T0628,4.63,2.39,suburban,storm,Sat,32.08
T0629,25.99,9.28,urban,clear,Wed,52.52
T0630,71.62,15.25,urban,rainy,Sat,199.94
T0631,89.63,7.28,suburban,clear,Thu,270.28
T0632,51.66,13.47,urban,clear,Tue,113.99
T0633,53.68,16.01,rural,rainy,Sat,292.82
T0634,11.61,18.58,rural,rainy,Sun,84.06
T0635,45.29,5.08,suburban,rainy,Fri,177.48
T0636,53.73,8.29,suburban,rainy,Wed,221.98
T0637,25.0,3.47,urban,clear,Thu,57.31
T0638,27.66,19.85,urban,rainy,Thu,85.81
T0639,38.35,18.58,urban,rainy,Sat,112.62
T0640,2.99,11.03,urban,storm,Tue,24.21
T0641,32.89,16.92,rural,rainy,Mon,198.63
T0642,21.93,10.66,rural,rainy,Wed,128.08
T0643,33.42,12.66,suburban,storm,Thu,195.06
T0644,12.86,2.24,urban,storm,Tue,51.55
T0645,89.16,15.23,urban,clear,Fri,176.64
T0646,59.77,2.99,suburban,storm,Thu,331.34
T0647,68.23,16.61,urban,clear,Tue,141.21
T0648,79.13,15.75,urban,storm,Mon,297.84
T0649,50.35,14.32,urban,storm,Mon,198.73
T0650,9.61,1.21,urban,clear,Thu,17.75
T0651,54.17,6.41,urban,storm,Sun,204.02
T0652,59.1,5.63,suburban,clear,Thu,187.22
T0653,74.8,7.52,urban,storm,Sat,276.6
T0654,43.73,2.21,suburban,rainy,Wed,174.26
T0655,13.63,18.77,urban,storm,Tue,65.36
T0656,29.09,11.3,rural,clear,Thu,128.24
T0657,36.95,6.46,rural,storm,Wed,272.09
T0658,64.95,8.24,rural,clear,Sat,266.57
T0659,57.51,9.22,rural,clear,Wed,232.82
T0660,36.25,12.21,suburban,rainy,Thu,148.79
T0661,98.67,10.56,suburban,rainy,Mon,385.09
T0662,60.97,18.43,urban,clear,Tue,132.47
T0663,24.49,10.19,rural,storm,Tue,203.13
T0664,11.08,19.85,suburban,clear,Mon,45.85
T0665,16.13,17.1,urban,clear,Sun,45.64
T0666,25.35,4.57,urban,storm,Thu,101.0
T0667,16.91,18.65,suburban,storm,Tue,110.5
T0668,19.47,2.77,rural,storm,Thu,140.25
T0669,29.22,16.44,urban,storm,Sat,124.94
T0670,18.16,7.92,rural,clear,Thu,80.1
T0671,89.78,17.62,rural,clear,Wed,370.29
T0672,8.94,17.43,rural,rainy,Mon,65.96
T0673,52.93,16.22,urban,clear,Sun,116.07
T0674,41.63,15.91,rural,storm,Thu,324.4
T0675,98.26,6.44,urban,rainy,Sun,245.79
T0676,12.09,2.08,rural,storm,Sun,89.18
T0677,40.39,8.36,urban,clear,Sat,83.76
T0678,96.98,3.88,rural,rainy,Fri,509.39
T0679,86.69,14.05,suburban,storm,Mon,493.39
T0680,81.89,7.25,rural,rainy,Sun,435.52
T0681,26.53,19.52,rural,rainy,Tue,164.55
T0682,17.92,13.0,urban,clear,Wed,47.62
T0683,67.2,16.54,urban,storm,Tue,256.86
T0684,93.01,3.08,rural,rainy,Sat,498.34
T0685,56.12,17.31,suburban,rainy,Sat,229.43
T0686,57.59,18.49,suburban,storm,Tue,331.28
T0687,28.72,10.0,urban,rainy,Mon,84.24
T0688,77.18,12.32,suburban,rainy,Tue,319.29
T0689,19.52,15.41,rural,rainy,Thu,120.53
T0690,33.04,3.91,urban,storm,Tue,117.41
T0691,43.12,10.3,rural,storm,Wed,337.81
T0692,51.25,8.27,urban,storm,Wed,187.98
T0693,25.0,3.35,urban,storm,Fri,94.71
T0694,12.37,7.67,urban,clear,Wed,35.15
T0695,61.45,1.83,urban,rainy,Tue,158.75
T0696,29.57,1.0,suburban,storm,Wed,157.92
T0697,58.54,3.14,rural,rainy,Mon,305.72
T0698,16.28,19.28,rural,rainy,Sun,114.23
T0699,48.63,11.22,rural,clear,Wed,211.04
T0700,53.73,19.33,urban,storm,Thu,210.99
T0701,6.13,8.93,suburban,storm,Mon,54.57
T0702,34.32,6.58,rural,rainy,Fri,187.18
T0703,14.31,10.37,suburban,storm,Thu,97.74
T0704,7.27,9.07,urban,rainy,Tue,22.64
T0705,99.01,2.56,rural,rainy,Sun,529.85
T0706,32.91,13.0,suburban,clear,Tue,116.33
T0707,81.18,4.71,urban,clear,Sun,164.08
T0708,26.21,12.58,suburban,clear,Sun,95.24
T0709,68.47,13.18,rural,rainy,Tue,380.1
T0710,76.26,3.46,rural,storm,Thu,563.07
T0711,59.97,1.7,urban,clear,Thu,108.38
T0712,47.69,15.72,urban,storm,Sun,189.43
T0713,41.77,9.47,urban,clear,Thu,90.99
T0714,35.54,1.63,suburban,clear,Sun,110.2
T0715,93.02,19.9,suburban,rainy,Sun,383.27
T0716,83.23,1.63,suburban,clear,Mon,252.15
T0717,96.54,14.05,urban,clear,Sat,206.52
T0718,13.31,19.68,rural,rainy,Mon,97.49
T0719,73.36,5.16,rural,storm,Tue,538.56
T0720,93.9,3.27,suburban,clear,Sat,289.85
T0721,18.94,2.87,suburban,rainy,Wed,78.75
T0722,7.58,6.41,rural,clear,Tue,39.3
T0723,74.37,2.47,rural,rainy,Fri,399.27
T0724,57.87,14.0,suburban,storm,Mon,329.23
T0725,84.34,1.71,suburban,storm,Thu,450.17
T0726,14.84,10.43,rural,rainy,Mon,91.09
T0727,79.73,19.94,urban,rainy,Thu,221.33
T0728,20.96,16.37,suburban,rainy,Sat,101.31
T0729,17.2,12.5,rural,storm,Fri,146.88
T0730,17.26,6.47,rural,clear,Sat,79.29
T0731,81.64,12.67,rural,storm,Fri,623.14
T0732,66.85,10.78,rural,rainy,Mon,365.64
T0733,52.78,8.81,urban,rainy,Thu,147.84
T0734,36.52,3.05,rural,storm,Sat,267.79
T0735,87.84,17.79,suburban,rainy,Fri,352.99
T0736,39.85,9.27,urban,storm,Sun,140.31
T0737,81.84,4.3,rural,rainy,Tue,428.56
T0738,44.47,7.67,urban,clear,Tue,79.87
T0739,38.32,8.58,suburban,clear,Sat,123.96
T0740,46.81,16.64,rural,rainy,Thu,263.13
T0741,30.84,14.81,suburban,storm,Sun,179.96
T0742,75.01,15.5,rural,clear,Sat,316.19
T0743,50.77,0.72,rural,storm,Mon,363.15
T0744,23.99,8.62,rural,rainy,Fri,138.21
T0745,90.06,9.89,rural,storm,Mon,669.77
T0746,39.01,0.87,rural,clear,Tue,153.4
T0747,54.81,5.57,urban,storm,Fri,201.14
T0748,90.74,15.33,rural,storm,Sat,682.0
T0749,62.8,3.17,rural,rainy,Mon,323.65
T0750,12.57,10.94,urban,rainy,Wed,40.87
T0751,94.04,4.7,urban,rainy,Thu,240.4
T0752,63.14,0.74,urban,clear,Sun,129.48
T0753,34.16,5.2,urban,clear,Sun,68.74
T0754,14.79,19.53,urban,rainy,Thu,43.97
T0755,79.61,16.13,urban,rainy,Wed,214.57
T0756,62.39,19.21,rural,clear,Tue,266.08
T0757,53.81,10.01,rural,clear,Fri,230.59
T0758,89.5,2.64,suburban,clear,Thu,271.35
T0759,79.07,11.19,rural,clear,Wed,322.69
T0760,16.02,9.36,rural,rainy,Sat,103.72
T0761,31.86,16.96,urban,clear,Sun,75.33
T0762,25.6,2.41,urban,rainy,Wed,66.44
T0763,74.65,10.02,rural,storm,Tue,547.75
T0764,4.32,3.43,suburban,storm,Tue,25.84
T0765,57.42,6.83,urban,clear,Mon,117.15
T0766,76.48,14.88,rural,storm,Thu,579.29
T0767,87.8,9.78,rural,storm,Mon,652.8
T0768,34.87,7.83,suburban,storm,Sun,202.9
T0769,82.3,8.19,suburban,clear,Wed,244.99
T0770,11.95,9.46,urban,clear,Fri,29.67
T0771,84.8,15.81,suburban,storm,Fri,478.47
T0772,13.62,17.9,rural,rainy,Tue,107.48
T0773,40.33,19.13,rural,storm,Fri,325.13
T0774,79.93,15.84,suburban,clear,Fri,248.56
T0775,15.84,6.65,suburban,clear,Sun,53.06
T0776,23.7,13.92,suburban,clear,Fri,81.5
T0777,72.5,9.03,suburban,storm,Wed,393.75
T0778,72.28,5.47,urban,rainy,Fri,193.53
T0779,64.47,16.9,suburban,clear,Sat,204.53
T0780,69.7,1.25,urban,clear,Fri,139.89
T0781,54.73,18.08,rural,storm,Fri,422.23
T0782,25.93,9.5,suburban,rainy,Mon,104.92
T0783,35.22,12.93,urban,storm,Wed,142.82
T0784,18.98,13.36,suburban,clear,Tue,72.5
T0785,90.94,17.95,rural,rainy,Mon,498.31
T0786,58.76,12.92,rural,rainy,Thu,313.29
T0787,40.68,12.47,rural,clear,Wed,177.61
T0788,46.74,1.8,suburban,rainy,Sat,175.06
T0789,94.78,10.61,suburban,rainy,Wed,376.68
T0790,16.18,3.43,urban,storm,Thu,65.66
T0791,59.04,14.88,rural,clear,Thu,254.33
T0792,51.08,10.49,suburban,clear,Thu,163.39
T0793,61.53,13.76,rural,clear,Sun,266.44
T0794,2.79,1.31,rural,clear,Tue,15.27
T0795,87.34,2.15,urban,clear,Fri,165.66
T0796,93.28,14.47,urban,rainy,Wed,250.09
T0797,56.95,1.91,urban,storm,Sun,206.53
T0798,69.97,1.89,urban,clear,Fri,140.09
T0799,92.33,0.74,rural,storm,Fri,663.02
T0800,71.02,19.15,urban,storm,Sat,267.76
T0801,16.1,14.88,urban,rainy,Thu,63.54
T0802,58.05,7.39,urban,clear,Tue,117.85
T0803,61.06,6.28,urban,rainy,Sat,174.6
T0804,42.99,7.32,rural,clear,Mon,173.57
T0805,73.91,15.61,urban,rainy,Sun,205.6
T0806,93.5,13.4,rural,storm,Sun,698.47
T0807,92.63,4.11,suburban,clear,Tue,276.36
T0808,45.63,3.9,rural,storm,Fri,333.22
T0809,12.21,2.42,rural,storm,Sun,92.19
T0810,98.5,13.38,urban,rainy,Tue,260.58
T0811,84.05,15.41,suburban,clear,Sun,262.43
T0812,13.34,5.67,suburban,storm,Sun,67.87
T0813,92.16,0.91,suburban,rainy,Thu,363.87
T0814,87.12,2.1,suburban,clear,Mon,269.07
T0815,52.36,19.37,rural,clear,Thu,231.08
T0816,59.54,6.26,suburban,storm,Mon,341.29
T0817,40.5,15.5,rural,clear,Sun,180.91
T0818,6.42,12.68,rural,storm,Sat,74.76
T0819,34.18,7.95,rural,clear,Fri,150.86
T0820,80.48,4.51,suburban,rainy,Sun,304.51
T0821,1.46,2.87,urban,storm,Mon,9.96
T0822,34.02,12.49,urban,storm,Mon,126.8
T0823,40.42,15.61,suburban,clear,Mon,127.06
T0824,54.2,13.06,urban,clear,Sun,109.9
T0825,92.07,10.84,urban,storm,Tue,339.64
T0826,35.29,1.32,rural,clear,Sat,145.73
T0827,35.35,19.39,rural,rainy,Tue,211.2
T0828,74.01,16.07,suburban,clear,Fri,234.02
T0829,45.77,6.21,suburban,rainy,Sun,188.17
T0830,23.24,19.61,urban,rainy,Mon,77.09
T0831,45.79,12.24,rural,rainy,Sat,256.23
T0832,14.94,11.86,suburban,rainy,Sat,61.21
T0833,18.46,15.09,suburban,rainy,Wed,83.01
T0834,50.34,16.33,suburban,clear,Fri,163.4
T0835,42.47,13.3,suburban,rainy,Sat,182.27
T0836,91.57,3.0,suburban,clear,Sun,270.32
T0837,36.88,7.1,suburban,rainy,Mon,150.7
T0838,58.48,18.6,urban,storm,Mon,219.44
T0839,63.59,4.88,rural,rainy,Sat,342.14
T0840,2.3,7.76,rural,storm,Tue,31.74
T0841,66.69,8.93,suburban,rainy,Fri,262.07
T0842,18.63,9.07,rural,rainy,Mon,101.9
T0843,96.15,12.45,rural,rainy,Sat,518.1
T0844,15.72,18.89,rural,storm,Mon,154.06
T0845,42.05,5.19,suburban,storm,Sat,228.59
T0846,9.45,2.87,suburban,rainy,Fri,43.59
T0847,99.69,4.35,rural,clear,Sat,400.4
T0848,50.72,17.8,rural,rainy,Wed,291.0
T0849,59.94,13.09,suburban,storm,Sat,344.76
T0850,7.64,6.08,urban,rainy,Sat,24.59
T0851,75.25,16.41,rural,storm,Sun,562.17
T0852,21.78,17.3,urban,storm,Fri,97.38
T0853,89.91,17.01,rural,storm,Sun,680.48
T0854,21.31,18.42,urban,rainy,Sat,69.43
T0855,19.88,5.42,urban,storm,Fri,77.42
T0856,4.62,15.22,urban,storm,Wed,25.94
T0857,47.73,9.48,suburban,rainy,Fri,200.8
T0858,56.92,16.92,urban,storm,Mon,224.63
T0859,7.51,14.71,urban,rainy,Sun,23.71
T0860,77.78,15.64,urban,storm,Fri,300.66
T0861,45.88,13.3,rural,clear,Wed,197.48
T0862,52.91,3.96,urban,clear,Thu,108.45
T0863,44.64,11.13,rural,storm,Sat,340.56
T0864,40.68,19.7,urban,clear,Fri,90.82
T0865,56.4,18.78,urban,rainy,Sat,165.7
T0866,16.37,1.34,suburban,clear,Tue,55.28
T0867,19.01,3.71,rural,storm,Mon,148.61
T0868,86.32,3.07,urban,storm,Sun,314.44
T0869,94.67,14.66,rural,rainy,Mon,515.79
T0870,37.96,16.45,rural,storm,Tue,298.75
T0871,27.8,4.66,suburban,rainy,Tue,115.88
T0872,64.76,10.36,suburban,clear,Sun,201.28
T0873,41.46,16.89,suburban,clear,Fri,126.75
T0874,3.51,14.79,suburban,rainy,Tue,20.18
T0875,16.46,11.07,suburban,rainy,Thu,71.67
T0876,71.88,12.01,suburban,storm,Sat,406.44
T0877,66.23,10.41,suburban,clear,Sat,203.19
T0878,3.68,6.3,suburban,rainy,Wed,17.54
T0879,22.98,11.52,urban,clear,Tue,55.54
T0880,23.88,13.93,rural,rainy,Tue,139.51
T0881,67.52,17.53,suburban,clear,Thu,222.36
T0882,2.95,12.91,suburban,storm,Mon,39.18
T0883,11.31,15.34,rural,clear,Mon,60.69
T0884,80.19,3.62,urban,clear,Sat,165.96
T0885,18.68,9.5,rural,clear,Sat,87.31
T0886,65.62,0.68,rural,clear,Fri,261.93
T0887,24.58,5.31,suburban,clear,Sun,82.03
T0888,10.84,14.67,rural,storm,Thu,109.5
T0889,25.07,19.84,rural,rainy,Sun,151.39
T0890,72.5,2.43,suburban,clear,Sun,220.09
T0891,85.71,8.33,suburban,storm,Wed,474.79
T0892,83.19,16.1,suburban,clear,Sun,265.89
T0893,40.32,4.48,suburban,clear,Wed,122.1
T0894,67.14,11.32,rural,rainy,Sun,360.86
T0895,21.29,14.79,rural,clear,Thu,100.79
T0896,30.02,12.51,urban,storm,Wed,125.24
T0897,89.74,4.17,urban,storm,Mon,320.82
T0898,2.29,7.43,rural,rainy,Wed,16.44
T0899,9.47,15.78,urban,clear,Wed,24.23
T0900,21.58,11.31,rural,storm,Thu,174.02
T0901,3.63,0.6,urban,clear,Thu,-1.27
T0902,18.96,15.34,suburban,clear,Wed,75.88
T0903,58.72,1.19,urban,clear,Tue,117.38
T0904,42.72,15.04,suburban,rainy,Thu,179.87
T0905,89.37,4.45,suburban,clear,Fri,279.56
T0906,81.93,19.18,suburban,storm,Fri,471.9
T0907,34.84,7.67,suburban,clear,Mon,107.6
T0908,26.68,6.88,urban,storm,Sun,103.06
T0909,38.59,3.4,rural,clear,Wed,157.55
T0910,59.44,6.46,suburban,storm,Tue,336.94
T0911,27.54,17.59,urban,storm,Mon,114.14
T0912,62.79,19.93,suburban,clear,Wed,196.11
T0913,41.53,7.68,urban,clear,Thu,77.51
T0914,55.65,9.25,urban,storm,Fri,216.04
T0915,44.18,14.58,urban,rainy,Sat,120.4
T0916,30.15,17.78,rural,clear,Tue,141.73
T0917,94.9,12.06,urban,rainy,Sat,254.94
T0918,76.6,8.13,urban,clear,Fri,155.18
T0919,14.87,8.55,rural,clear,Sun,66.73
T0920,86.98,14.06,rural,clear,Sun,369.9
T0921,49.26,0.56,urban,clear,Sat,91.56
T0922,89.56,12.58,rural,rainy,Thu,480.13
T0923,80.19,7.43,suburban,clear,Wed,250.68
T0924,43.1,15.99,suburban,storm,Thu,247.91
T0925,3.22,2.31,rural,storm,Sat,33.93
T0926,27.6,11.97,rural,rainy,Thu,163.54
T0927,54.62,9.88,urban,clear,Fri,115.54
T0928,63.71,13.03,rural,storm,Tue,479.65
T0929,26.53,1.76,urban,rainy,Thu,63.06
T0930,14.8,11.81,suburban,clear,Fri,56.79
T0931,83.66,11.45,rural,storm,Tue,636.71
T0932,98.46,11.43,urban,storm,Sun,365.47
T0933,53.04,12.27,urban,rainy,Wed,136.75
T0934,18.0,13.69,suburban,clear,Sat,66.56
T0935,27.96,16.2,rural,clear,Sun,132.34
T0936,2.82,5.76,suburban,storm,Wed,18.41
T0937,91.52,16.59,urban,storm,Sun,341.18
T0938,12.66,10.22,urban,storm,Mon,51.04
T0939,58.08,2.0,rural,clear,Sun,231.66
T0940,28.13,1.64,urban,rainy,Fri,73.34
T0941,55.86,7.02,rural,rainy,Tue,295.29
T0942,65.49,15.81,suburban,clear,Sun,202.15
T0943,83.14,14.3,rural,rainy,Thu,451.79
T0944,21.44,15.88,rural,storm,Wed,182.04
T0945,2.09,10.59,urban,rainy,Sun,10.14
T0946,14.55,9.08,urban,rainy,Tue,44.15
T0947,90.1,3.38,rural,rainy,Fri,465.31
T0948,87.52,6.9,urban,storm,Mon,322.6
T0949,60.14,8.96,urban,clear,Wed,122.68
T0950,60.45,2.23,urban,storm,Sat,220.82
T0951,66.84,4.8,rural,clear,Tue,274.16
T0952,18.36,12.17,urban,clear,Sat,48.46
T0953,91.53,14.85,rural,clear,Tue,381.48
T0954,42.46,19.97,urban,rainy,Tue,128.71
T0955,38.93,18.7,suburban,rainy,Fri,168.45
T0956,52.37,13.03,urban,clear,Fri,109.88
T0957,5.65,8.71,urban,clear,Fri,15.2
T0958,17.46,12.91,rural,rainy,Sun,111.45
T0959,74.07,15.82,rural,storm,Thu,564.93
T0960,9.2,2.81,urban,clear,Tue,20.48
T0961,60.71,8.49,suburban,storm,Wed,333.16
T0962,25.29,16.88,urban,rainy,Sat,79.79
T0963,39.54,7.98,urban,clear,Fri,78.76
T0964,29.58,11.65,suburban,storm,Sun,170.88
T0965,36.21,11.96,rural,storm,Fri,276.55
T0966,72.19,4.1,urban,storm,Sat,263.16
T0967,30.42,7.56,rural,rainy,Sat,174.07
T0968,57.07,7.02,rural,rainy,Tue,301.06
T0969,48.13,1.01,suburban,storm,Fri,269.66
T0970,66.7,0.97,suburban,storm,Sat,366.04
T0971,93.75,16.72,rural,rainy,Thu,501.91
T0972,73.52,5.82,urban,storm,Thu,268.0
T0973,22.28,10.6,rural,storm,Fri,174.29
T0974,4.09,6.33,urban,rainy,Sun,18.07
T0975,26.96,18.84,urban,storm,Sat,109.07
T0976,59.91,5.56,suburban,storm,Tue,322.91
T0977,6.09,8.88,urban,storm,Tue,28.29
T0978,50.14,17.52,urban,rainy,Sun,147.6
T0979,60.09,16.92,rural,storm,Tue,462.14
T0980,34.09,4.13,suburban,rainy,Mon,138.97
T0981,77.32,16.15,urban,rainy,Fri,213.72
T0982,11.55,9.43,urban,clear,Tue,20.25
T0983,8.44,9.92,suburban,clear,Thu,28.26
T0984,73.09,3.1,rural,storm,Sat,531.86
T0985,50.05,2.07,suburban,rainy,Wed,194.43
T0986,69.15,14.69,suburban,clear,Sun,226.99
T0987,44.05,10.18,urban,storm,Wed,161.6
T0988,25.39,9.02,urban,clear,Tue,50.74
T0989,82.09,14.73,rural,clear,Wed,344.54
T0990,80.14,15.43,urban,rainy,Wed,215.25
T0991,69.77,3.6,urban,rainy,Mon,169.28
T0992,27.94,12.4,suburban,clear,Thu,102.79
T0993,59.43,3.14,urban,clear,Sun,115.06
T0994,36.74,15.15,rural,rainy,Thu,213.55
T0995,10.07,13.31,suburban,storm,Mon,66.08
T0996,91.81,19.15,rural,rainy,Mon,497.99
T0997,14.55,1.84,suburban,clear,Wed,36.92
T0998,95.07,1.61,urban,storm,Fri,340.0
T0999,45.15,6.0,suburban,clear,Sat,136.73
